Experiencia,Nivel_Educativo,Evaluacion_Desempeno,Horas_Semanales,Edad,Genero,Departamento,Anos_en_la_Empresa,Titulo_Universitario,Nivel_Competencias,Salario_Soles
7,Maestria,3.765609684,54,59,Hombre,TI,4,1,4.018661321,5100
15,Doctorado,8.22723308,59,43,Mujer,Finanzas,1,0,9.570376131,5300
11,Maestria,5.85245149,44,47,Mujer,Recursos Humanos,6,0,5.797497611,6000
8,Maestria,3.801769292,32,64,Mujer,TI,5,0,6.683899408,5100
7,Grado,6.49300405,48,60,Mujer,Ventas,10,0,5.886464,6400
19,Doctorado,7.445356068,47,48,Mujer,Recursos Humanos,6,0,2.164425553,7600
11,Doctorado,3.453616007,37,50,Mujer,Finanzas,3,1,4.382390971,5600
11,Maestria,4.721941914,55,59,Hombre,Finanzas,2,1,1.89231501,5300
4,Doctorado,2.09697484,46,41,Mujer,TI,6,0,6.606586398,4600
8,Grado,2.630344146,37,48,Hombre,TI,13,0,5.021867757,7500
3,Grado,7.130060686,36,62,Hombre,TI,1,0,8.001864744,2900
2,Grado,2.632945129,59,41,Mujer,Finanzas,7,1,2.984234329,5000
12,Doctorado,5.726470453,36,40,Hombre,Recursos Humanos,7,0,2.481094526,6500
6,Doctorado,7.381416356,32,41,Hombre,Finanzas,10,1,4.656990079,6700
2,Doctorado,1.961892308,30,56,Mujer,Ventas,13,1,9.339268449,6800
1,Doctorado,6.105809977,33,23,Mujer,Finanzas,7,1,7.393796335,4800
12,Doctorado,3.309065053,54,51,Mujer,Ventas,12,1,4.770312623,8500
12,Grado,9.666341877,34,55,Hombre,Recursos Humanos,11,0,5.655449528,7700
17,Maestria,5.35191082,30,43,Hombre,TI,10,1,1.757917101,8900
10,Grado,8.253932948,44,24,Mujer,TI,1,1,9.861183067,4800
16,Doctorado,5.952038879,34,27,Mujer,Finanzas,4,0,6.997665742,6400
15,Grado,1.390712796,42,36,Hombre,TI,13,1,3.568636616,9400
15,Doctorado,6.69836238,37,48,Hombre,Recursos Humanos,7,1,6.272275548,7600
19,Doctorado,9.56263008,37,31,Hombre,TI,11,1,1.985341295,9600
12,Grado,6.414506381,34,30,Hombre,Finanzas,9,0,9.692530019,7100
3,Doctorado,8.372699735,57,54,Mujer,Recursos Humanos,5,1,2.573064891,4600
5,Maestria,8.95785817,38,53,Hombre,Ventas,13,1,6.832272862,7400
19,Doctorado,3.052717948,30,27,Hombre,Finanzas,2,0,3.209090163,6400
7,Maestria,2.908403559,33,62,Hombre,Ventas,7,0,7.458052444,5500
9,Maestria,6.4988289,32,57,Hombre,Recursos Humanos,10,1,7.991392305,7300
7,Doctorado,4.699256228,31,23,Mujer,Finanzas,1,1,7.06077756,4200
18,Grado,8.558751726,37,50,Mujer,Finanzas,7,0,6.530495142,7700
4,Maestria,9.100208111,52,25,Hombre,Recursos Humanos,6,1,9.032221846,5100
14,Grado,4.180792414,38,22,Hombre,TI,7,0,1.707640399,6900
18,Maestria,3.131835031,31,40,Mujer,Finanzas,14,1,3.978232892,10300
9,Doctorado,8.024729637,43,47,Mujer,Finanzas,13,0,3.234587317,7700
2,Doctorado,3.47325432,43,46,Hombre,Ventas,10,1,9.892125659,5900
15,Maestria,8.403528867,33,31,Hombre,TI,3,0,4.504508017,5900
7,Doctorado,4.813644283,59,36,Mujer,Ventas,3,0,7.593514293,4300
12,Maestria,7.007949094,35,43,Mujer,Ventas,7,0,7.162526475,6500
8,Doctorado,1.859817825,40,42,Mujer,TI,13,0,2.908731137,7500
15,Grado,6.614733922,32,43,Mujer,TI,2,0,3.150979122,5600
3,Doctorado,5.065909109,37,57,Mujer,Recursos Humanos,1,1,3.531561072,3400
14,Grado,6.279476169,32,55,Mujer,TI,9,1,4.700145504,8000
17,Doctorado,2.51212787,43,51,Hombre,Finanzas,9,0,3.108925591,8100
4,Grado,7.631863704,57,46,Mujer,TI,7,1,1.176863345,5400
18,Doctorado,8.765173698,42,49,Mujer,Recursos Humanos,7,1,8.914537511,8200
8,Grado,2.950658201,42,22,Mujer,Recursos Humanos,3,1,9.690488482,5000
4,Maestria,1.861431,31,25,Mujer,Recursos Humanos,10,1,4.074133483,6300
2,Maestria,1.212747274,42,28,Hombre,TI,2,1,4.046561915,3500
6,Grado,6.777743504,58,30,Hombre,TI,11,1,1.063826315,7000
10,Doctorado,6.463846325,48,57,Mujer,Ventas,7,0,7.122256195,6100
4,Grado,5.920276714,56,40,Hombre,Ventas,9,1,8.428959062,6000
18,Doctorado,3.087523865,35,22,Hombre,Finanzas,1,1,2.319474703,6400
12,Maestria,4.518153963,45,31,Hombre,Ventas,13,1,2.436997144,8800
2,Doctorado,6.350287017,31,57,Hombre,Finanzas,14,0,8.11074925,6600
10,Maestria,5.47090173,37,30,Hombre,Recursos Humanos,4,1,6.546616735,5700
4,Doctorado,9.890069682,46,63,Hombre,Ventas,6,1,1.403745019,5100
14,Doctorado,2.227957773,52,53,Mujer,TI,7,1,6.602922914,7400
16,Doctorado,7.256300986,31,53,Mujer,Ventas,10,0,3.780259506,8200
15,Grado,4.638868913,39,27,Mujer,Finanzas,7,1,4.318526399,7600
8,Grado,4.853796534,57,59,Mujer,Ventas,10,0,7.927582765,6600
14,Maestria,7.458379891,45,38,Mujer,Recursos Humanos,2,1,8.298416734,5900
8,Maestria,7.231925362,35,31,Hombre,TI,14,0,4.603209642,7800
16,Grado,9.921303943,57,48,Mujer,Finanzas,4,0,9.524376424,6400
13,Maestria,2.155548605,31,56,Mujer,TI,5,0,4.658164462,6100
18,Grado,1.936986844,31,42,Hombre,TI,14,1,7.946524317,10300
15,Doctorado,7.519049354,55,46,Hombre,Finanzas,12,0,5.354895381,8600
13,Maestria,6.205482253,42,49,Mujer,TI,1,0,9.077790939,4900
9,Maestria,3.467445999,53,36,Hombre,TI,1,0,9.169851193,4100
15,Grado,1.714774321,44,25,Hombre,Ventas,10,0,1.786751271,8000
13,Maestria,1.770924246,57,50,Hombre,TI,3,1,9.428439982,6000
1,Maestria,9.047717872,31,30,Hombre,TI,10,1,8.429813574,5700
7,Doctorado,2.726805922,36,48,Mujer,TI,3,1,8.121796429,4800
9,Maestria,3.910344059,32,47,Hombre,TI,12,1,2.808202057,7900
1,Doctorado,3.03990762,37,40,Mujer,Finanzas,8,0,8.246072879,4600
12,Grado,4.194966752,52,49,Mujer,Recursos Humanos,9,1,8.651194612,7600
8,Maestria,1.624814585,43,38,Hombre,Ventas,14,0,3.60235301,7800
11,Doctorado,5.671538118,53,64,Hombre,TI,11,1,9.570340705,8000
19,Grado,1.608513072,59,62,Hombre,TI,12,1,1.448741318,9900
17,Maestria,8.20320857,52,63,Mujer,Finanzas,1,1,2.349183279,6200
8,Grado,3.103408737,56,41,Hombre,Recursos Humanos,14,0,5.838230242,7800
3,Maestria,5.860107231,51,61,Hombre,TI,11,1,6.18213224,6400
3,Grado,8.920711788,58,60,Hombre,Finanzas,2,1,6.80635075,3700
1,Grado,6.857896321,36,44,Hombre,Ventas,10,1,1.152722164,5700
5,Doctorado,5.796620079,50,53,Hombre,Ventas,2,0,9.643300972,3600
10,Grado,3.919003778,36,54,Mujer,TI,4,1,1.401292835,5700
7,Maestria,3.997017218,30,26,Hombre,TI,2,1,2.287557575,4500
9,Maestria,7.025382597,46,64,Hombre,Recursos Humanos,7,0,1.126130658,5900
7,Doctorado,9.947254251,38,55,Hombre,Recursos Humanos,13,0,6.1017259,7300
9,Maestria,6.956552709,59,61,Mujer,TI,9,1,9.390401955,7000
8,Maestria,6.020050756,50,32,Hombre,Finanzas,7,1,6.993524495,6200
12,Maestria,7.575854592,42,24,Mujer,Recursos Humanos,12,1,8.403917216,8500
2,Grado,5.186850511,50,54,Mujer,TI,6,0,1.119530831,4200
1,Grado,1.541281083,48,32,Hombre,Recursos Humanos,10,0,5.878137686,5200
16,Maestria,6.060671343,50,37,Hombre,TI,1,0,5.136066798,5500
5,Doctorado,9.618627561,48,39,Hombre,Ventas,11,1,5.490711498,6800
3,Grado,2.577726481,54,51,Mujer,TI,10,0,1.649918668,5600
12,Doctorado,7.210044017,54,31,Mujer,Ventas,9,1,7.15991825,7600
8,Maestria,2.808403198,51,39,Mujer,Recursos Humanos,5,0,5.528983734,5100
3,Maestria,5.82244916,46,59,Mujer,TI,11,0,7.886339649,5900
1,Grado,1.870088047,52,40,Mujer,Recursos Humanos,5,0,5.367615707,3700
3,Maestria,5.053338426,52,57,Mujer,Ventas,6,1,2.344434726,4900
5,Grado,7.80546996,59,34,Hombre,TI,9,1,6.834312587,6200
15,Maestria,4.128143718,39,24,Hombre,Recursos Humanos,13,1,2.551477259,9400
14,Maestria,6.98420552,39,31,Mujer,Ventas,8,1,8.85155107,7700
3,Grado,8.159049647,33,59,Hombre,Recursos Humanos,8,0,6.518046152,5000
1,Grado,9.344600375,37,22,Hombre,Finanzas,14,1,2.414834952,6900
5,Grado,3.111778737,51,48,Mujer,Ventas,8,0,9.661042517,5400
14,Maestria,4.593843242,49,29,Mujer,Ventas,1,1,5.66528917,5600
7,Maestria,2.37174412,49,63,Hombre,Ventas,1,1,1.656086067,4200
9,Doctorado,9.932351519,47,38,Mujer,TI,8,0,6.64149614,6200
15,Grado,9.343008711,43,30,Mujer,TI,5,0,3.278790163,6500
15,Maestria,5.859614173,47,27,Hombre,TI,9,1,8.233241067,8200
10,Maestria,8.578299649,57,64,Mujer,Finanzas,2,1,8.360398662,5100
13,Grado,5.688621795,43,46,Hombre,Finanzas,9,0,9.810526203,7300
19,Doctorado,6.612271192,49,60,Hombre,Ventas,12,0,5.516825779,9400
7,Grado,1.802119889,50,49,Hombre,Finanzas,14,0,5.094611918,7600
17,Doctorado,7.797433784,53,54,Hombre,Recursos Humanos,8,0,7.781280449,7800
4,Maestria,2.149421353,44,58,Hombre,Ventas,9,0,2.192235907,5500
5,Doctorado,8.434608672,51,30,Mujer,Ventas,4,1,5.922239624,4700
7,Maestria,8.038252789,59,39,Mujer,Recursos Humanos,1,1,5.916228401,4200
13,Grado,7.37870228,33,42,Mujer,Ventas,1,1,1.805258105,5400
15,Grado,1.325443425,42,23,Mujer,Finanzas,5,1,4.76185677,7000
11,Grado,3.728155204,56,64,Hombre,TI,2,0,8.679563187,4800
4,Doctorado,3.368013129,52,59,Hombre,Recursos Humanos,14,0,8.705382598,7000
13,Maestria,4.241227667,37,61,Mujer,Finanzas,8,0,1.893138984,7000
7,Grado,1.788784721,47,57,Hombre,Recursos Humanos,10,1,1.816487945,6900
19,Grado,9.432620407,41,64,Mujer,Recursos Humanos,11,0,3.364259293,9100
2,Maestria,5.984220166,52,58,Mujer,Ventas,5,0,8.872894563,3900
10,Grado,3.749718796,43,36,Mujer,Ventas,5,1,2.160123266,6000
13,Maestria,4.572833654,31,49,Hombre,Finanzas,2,1,7.479971224,5700
6,Maestria,5.024822865,47,39,Hombre,Recursos Humanos,7,1,1.910490577,5800
12,Maestria,6.405349,53,55,Hombre,Ventas,13,0,6.608240684,8300
12,Maestria,5.641114849,31,43,Hombre,Ventas,8,0,4.204605692,6800
11,Maestria,9.274527759,40,32,Mujer,Recursos Humanos,10,1,8.100225667,7700
7,Doctorado,5.472671346,38,34,Hombre,Finanzas,13,1,3.103214039,7800
1,Grado,9.929422133,41,25,Hombre,Finanzas,1,0,6.752816465,2500
1,Doctorado,8.66282462,46,43,Hombre,Recursos Humanos,2,1,3.121142811,3300
13,Grado,2.876594629,44,28,Mujer,Finanzas,10,0,7.422942548,7600
9,Doctorado,9.375356932,54,64,Mujer,Ventas,4,1,8.863102311,5500
3,Maestria,2.047297581,46,45,Hombre,Recursos Humanos,5,1,2.141216192,4600
7,Grado,8.357047376,55,25,Hombre,Ventas,13,1,8.799361197,7800
6,Grado,4.425609641,58,49,Hombre,TI,2,0,6.34217729,3800
8,Doctorado,8.901768884,55,36,Hombre,TI,1,0,2.143994418,3900
9,Doctorado,8.812510211,47,22,Mujer,Finanzas,9,1,4.847876698,7000
5,Grado,8.253328601,51,24,Hombre,TI,14,0,2.447742641,7200
1,Doctorado,8.110273927,35,35,Hombre,Ventas,1,1,7.303131,3000
19,Doctorado,3.742112252,46,59,Hombre,TI,13,1,7.82981321,10200
10,Doctorado,1.728273547,52,22,Mujer,Ventas,4,0,1.952168682,5200
12,Maestria,4.626821609,53,59,Mujer,Finanzas,2,0,5.555258674,5000
15,Maestria,2.561720635,47,59,Hombre,Finanzas,11,0,8.331625504,8300
9,Doctorado,7.2545598,37,42,Hombre,Ventas,4,0,9.425467374,5000
17,Doctorado,4.114897539,38,50,Hombre,TI,8,1,5.621660801,8300
17,Maestria,9.780491808,35,26,Hombre,Finanzas,8,0,9.552513013,7800
12,Maestria,6.768748696,34,31,Hombre,Recursos Humanos,11,0,5.821200734,7700
7,Grado,8.402325073,41,49,Mujer,Finanzas,12,1,4.547714451,7500
2,Grado,2.192722055,54,42,Mujer,TI,9,1,8.633828157,5600
3,Maestria,8.75813034,58,28,Mujer,Recursos Humanos,13,1,5.436844394,7000
17,Doctorado,9.304814715,57,24,Hombre,TI,11,1,5.247122595,9200
5,Doctorado,5.383557269,40,41,Mujer,Ventas,12,0,5.412812405,6600
17,Doctorado,6.45627644,54,40,Mujer,Recursos Humanos,5,0,8.621065017,6900
17,Doctorado,7.883288208,30,56,Mujer,TI,7,1,8.487473875,8000
17,Grado,2.573547645,40,25,Hombre,Recursos Humanos,3,1,4.631679932,6800
2,Maestria,5.523094688,48,26,Hombre,TI,10,0,3.999698739,5400
2,Doctorado,4.58796725,38,22,Mujer,Recursos Humanos,4,0,5.427352216,3600
5,Grado,2.317365929,56,25,Hombre,TI,10,0,6.154952588,6000
1,Doctorado,4.307809801,31,33,Mujer,Ventas,9,0,3.145034896,4900
1,Maestria,1.613550784,41,48,Mujer,Recursos Humanos,10,0,8.145595762,5200
19,Grado,1.232307163,33,63,Mujer,Recursos Humanos,10,1,5.378344892,9300
2,Maestria,2.216496602,33,44,Mujer,Recursos Humanos,14,1,4.006409936,7100
12,Maestria,9.668036004,47,46,Hombre,Recursos Humanos,12,1,1.961388937,8500
6,Grado,5.945765823,44,42,Hombre,Ventas,1,1,3.149606444,4000
4,Grado,9.69239945,48,45,Hombre,Recursos Humanos,2,0,9.543530546,3400
11,Grado,4.892480905,42,46,Hombre,Finanzas,5,1,3.745897181,6200
17,Grado,3.806345198,48,53,Mujer,Ventas,3,0,2.519733604,6300
6,Grado,5.555276766,46,53,Hombre,Finanzas,2,0,5.146055125,3800
5,Grado,4.955605198,35,26,Mujer,Recursos Humanos,1,0,3.76378969,3300
2,Grado,1.950982158,45,57,Hombre,TI,10,0,1.316433252,5400
6,Doctorado,6.767436832,53,63,Hombre,Finanzas,3,0,3.908306956,4100
11,Maestria,2.944343643,41,63,Hombre,Recursos Humanos,1,0,5.896977615,4500
16,Grado,6.576291594,48,60,Mujer,Finanzas,12,0,5.965411348,8800
16,Doctorado,6.851809832,34,37,Mujer,Recursos Humanos,1,1,4.209030291,6000
1,Doctorado,2.368223678,46,54,Mujer,Recursos Humanos,12,0,5.025724806,5800
9,Doctorado,1.552146644,55,42,Mujer,Recursos Humanos,1,1,9.689661264,4600
6,Maestria,8.026854275,52,30,Hombre,TI,8,1,4.396136295,6100
16,Grado,5.138203814,55,27,Mujer,Finanzas,3,0,3.324041319,6100
3,Doctorado,1.52347416,58,56,Mujer,Ventas,11,0,3.191203397,5900
4,Maestria,9.953796855,30,60,Hombre,Ventas,1,1,5.119881514,3600
19,Maestria,1.520025049,57,43,Hombre,Ventas,7,1,7.835681338,8400
3,Maestria,7.25531706,56,62,Mujer,Ventas,10,1,2.853893658,6100
19,Doctorado,9.853110327,54,26,Hombre,Recursos Humanos,3,1,7.383665144,7200
7,Grado,3.152620938,53,63,Mujer,Finanzas,8,0,1.19034841,5800
9,Doctorado,2.280244318,52,44,Hombre,Finanzas,4,0,4.770396802,5000
1,Doctorado,2.092464455,39,38,Mujer,TI,4,0,7.982785587,3400
8,Grado,3.729476328,44,33,Mujer,Finanzas,5,1,4.048596602,5600
7,Grado,1.909412299,52,44,Mujer,Finanzas,6,0,6.073633913,5200
18,Grado,7.229452075,50,37,Mujer,Finanzas,7,1,2.844813095,8200
8,Maestria,1.560626183,50,24,Mujer,TI,14,0,7.67795852,7800
1,Grado,5.584799153,40,51,Hombre,Ventas,14,1,1.470511929,6900
11,Doctorado,9.970271685,42,43,Mujer,Finanzas,4,0,8.672883804,5400
18,Grado,8.325732426,34,30,Mujer,TI,8,0,2.783767478,8000
10,Doctorado,6.536974944,30,50,Mujer,TI,13,1,8.869582285,8400
3,Maestria,3.756282587,53,58,Mujer,Recursos Humanos,6,1,4.172763172,4900
7,Doctorado,6.615062527,41,44,Mujer,TI,14,1,7.50415217,8100
16,Doctorado,5.743373175,40,34,Hombre,Ventas,1,1,3.87302768,6000
16,Grado,4.834750455,46,53,Hombre,Finanzas,1,1,9.153205041,6000
17,Grado,2.176393391,33,44,Mujer,TI,9,0,2.13973413,8100
2,Doctorado,8.979437937,44,38,Hombre,Ventas,10,1,2.606678103,5900
1,Grado,5.048061839,54,61,Mujer,TI,6,0,5.437271126,4000
16,Maestria,2.751602606,59,42,Hombre,TI,10,0,1.737445951,8200
12,Maestria,4.309834158,38,23,Hombre,TI,8,0,2.763821662,6800
5,Grado,4.727167773,50,58,Mujer,TI,13,0,9.49389744,6900
5,Maestria,8.44784106,49,27,Hombre,TI,7,0,9.78840695,5100
9,Grado,7.602529425,48,39,Hombre,Ventas,12,1,4.386333964,7900
9,Doctorado,7.923744043,48,51,Mujer,Finanzas,6,1,9.309574189,6100
3,Doctorado,1.09928138,41,43,Mujer,Finanzas,4,0,5.903422081,3800
19,Maestria,4.745385984,34,54,Hombre,Finanzas,7,0,3.427682193,7900
16,Grado,5.332097365,39,51,Hombre,Finanzas,9,1,7.32158849,8400
16,Grado,1.172730491,46,38,Hombre,Ventas,14,1,6.930116259,9900
3,Maestria,3.338318879,34,64,Mujer,Recursos Humanos,11,0,9.902127872,5900
1,Doctorado,7.842608408,51,53,Hombre,Recursos Humanos,10,1,3.385425587,5700
11,Maestria,2.233987352,45,63,Hombre,Ventas,10,1,7.048535524,7700
17,Doctorado,5.817791183,36,35,Hombre,Ventas,14,1,1.468213795,10100
8,Grado,2.936816848,57,31,Mujer,TI,7,0,2.022814348,5700
4,Doctorado,1.109086972,38,57,Mujer,TI,1,1,1.035265375,3600
6,Maestria,3.170813118,32,55,Mujer,TI,10,0,9.99514613,6200
8,Grado,9.782863794,44,30,Mujer,Finanzas,9,0,8.220463274,6300
3,Maestria,8.213834007,45,63,Hombre,TI,13,0,8.080507133,6500
16,Maestria,9.636189799,47,49,Mujer,Recursos Humanos,4,0,5.587534678,6400
3,Doctorado,5.390686395,43,32,Hombre,Finanzas,3,0,3.700603746,3500
18,Maestria,1.987625788,32,35,Hombre,TI,4,1,2.36137856,7300
14,Doctorado,5.931635401,41,60,Hombre,Finanzas,4,0,3.56207265,6000
18,Grado,5.089396011,38,40,Hombre,Recursos Humanos,13,0,4.383740997,9500
2,Doctorado,8.599213745,57,36,Mujer,TI,10,0,7.806790873,5400
3,Grado,1.882743227,36,49,Mujer,Recursos Humanos,11,1,5.8569561,6400
16,Doctorado,5.394170233,38,45,Mujer,Recursos Humanos,2,1,1.697352639,6300
9,Maestria,2.350437982,42,29,Mujer,Recursos Humanos,14,1,1.162261081,8500
4,Doctorado,3.922083342,47,64,Mujer,TI,12,1,1.920989616,6900
1,Doctorado,7.636213696,34,30,Hombre,Ventas,14,1,4.694488423,6900
4,Grado,5.284163164,42,54,Mujer,TI,1,1,9.398736253,3600
1,Maestria,4.382994566,33,54,Mujer,Recursos Humanos,12,1,6.736622331,6300
14,Doctorado,4.550286507,31,40,Mujer,TI,10,0,8.216433099,7800
16,Maestria,5.135020916,45,24,Mujer,Recursos Humanos,12,0,5.197371351,8800
8,Doctorado,8.065148895,38,31,Hombre,Ventas,1,1,4.254994749,4400
7,Doctorado,9.0287622,38,61,Hombre,Finanzas,13,0,1.975603354,7300
3,Maestria,9.598012179,35,63,Hombre,Ventas,14,0,8.8833972,6800
17,Doctorado,8.082130476,40,22,Hombre,Ventas,8,1,8.048440261,8300
1,Maestria,3.838662062,51,50,Hombre,Finanzas,14,0,2.513062878,6400
16,Doctorado,7.193212355,53,55,Mujer,TI,2,0,5.610345075,5800
12,Grado,4.938428116,51,34,Hombre,Finanzas,12,1,5.386373271,8500
19,Maestria,3.292035598,30,22,Hombre,TI,10,0,6.625823974,8800
14,Doctorado,8.567844215,33,55,Hombre,TI,5,1,9.515682046,6800
6,Doctorado,1.345837141,42,50,Mujer,Recursos Humanos,12,1,6.217942976,7300
6,Grado,9.115857929,52,34,Mujer,Recursos Humanos,4,0,5.861955401,4400
13,Maestria,5.153297182,42,50,Hombre,Finanzas,8,0,1.452906396,7000
19,Doctorado,6.734813291,42,60,Mujer,Ventas,2,0,1.566167284,6400
8,Grado,6.9341853,31,45,Mujer,Finanzas,10,1,2.686121122,7100
2,Doctorado,9.056059666,38,47,Hombre,TI,9,1,1.292236945,5600
1,Maestria,6.73002714,53,38,Mujer,Recursos Humanos,7,1,7.69017606,4800
15,Doctorado,6.525402263,37,28,Mujer,Finanzas,13,0,7.509972736,8900
1,Doctorado,1.599868365,36,34,Mujer,Finanzas,7,0,2.22450611,4300
5,Doctorado,5.665672198,33,26,Hombre,Recursos Humanos,1,1,8.524710107,3800
16,Doctorado,2.351521007,47,47,Hombre,Recursos Humanos,14,0,2.393074314,9400
19,Grado,7.636903918,32,24,Hombre,Recursos Humanos,12,0,3.710580283,9400
4,Grado,5.609997287,57,28,Mujer,TI,2,1,3.240792092,3900
3,Maestria,7.122050013,35,60,Hombre,Recursos Humanos,4,1,4.350763887,4300
17,Grado,1.375056105,41,22,Mujer,Ventas,4,0,3.291973893,6600
17,Grado,1.763128144,41,38,Mujer,Finanzas,11,1,5.400558338,9200
12,Maestria,7.446910493,50,64,Mujer,Recursos Humanos,14,0,4.666670932,8600
14,Grado,1.648759024,57,46,Hombre,Recursos Humanos,3,1,9.879125417,6200
6,Grado,1.64131055,37,24,Hombre,TI,7,1,1.503337151,5800
3,Maestria,1.108976277,51,36,Hombre,TI,12,1,2.279632387,6700
9,Maestria,9.608512585,51,50,Hombre,Finanzas,8,0,1.475433045,6200
5,Maestria,7.637575235,30,64,Mujer,Ventas,2,0,6.632570755,3600
17,Doctorado,4.179262677,33,53,Hombre,Finanzas,4,1,1.490583497,7100
14,Doctorado,3.668820232,50,47,Mujer,Recursos Humanos,14,1,8.527957636,9500
3,Maestria,4.147329068,57,37,Hombre,Ventas,3,1,5.607447676,4000
1,Maestria,7.971881781,40,46,Hombre,Ventas,2,0,5.743068621,2800
1,Maestria,6.9523355,32,49,Hombre,Ventas,12,1,6.054350569,6300
3,Doctorado,2.666760111,42,30,Mujer,Ventas,13,1,2.537323357,7000
18,Doctorado,2.566984018,54,22,Mujer,Finanzas,14,1,2.779212728,10300
10,Grado,1.885560847,46,50,Mujer,TI,6,1,3.869355906,6300
3,Grado,6.942724477,51,43,Mujer,TI,13,0,6.341467742,6500
8,Maestria,7.87935396,51,37,Mujer,Recursos Humanos,4,0,2.891059983,4800
14,Doctorado,3.385417855,39,62,Hombre,TI,6,1,2.046985544,7100
18,Doctorado,1.188504649,50,62,Mujer,TI,2,0,9.731051978,6200
15,Doctorado,1.739545007,41,28,Mujer,TI,12,0,1.197836333,8600
2,Maestria,9.710740314,44,35,Mujer,TI,4,0,8.224276648,3600
10,Grado,3.659002997,50,50,Mujer,Recursos Humanos,11,1,8.092316346,7800
2,Maestria,7.923008331,39,40,Hombre,Finanzas,6,0,3.674927025,4200
17,Grado,6.62197212,43,40,Mujer,Ventas,14,0,2.220639544,9600
8,Grado,4.437456757,42,23,Hombre,TI,5,0,2.31065782,5100
1,Maestria,2.85118536,34,62,Hombre,Finanzas,3,1,7.276884555,3600
9,Grado,2.092477763,35,36,Hombre,TI,8,1,6.78525932,6700
11,Grado,6.535116712,53,24,Mujer,TI,7,0,8.044711068,6300
16,Doctorado,7.971704026,31,32,Hombre,Ventas,3,0,9.437330552,6100
7,Grado,6.795138282,51,51,Mujer,Ventas,6,1,7.227346269,5700
10,Maestria,5.772719199,46,61,Mujer,Ventas,4,1,2.402663829,5700
3,Maestria,1.377561011,33,39,Mujer,TI,11,0,3.190983551,5900
18,Grado,9.716398998,43,23,Mujer,TI,5,0,8.579743578,7100
13,Doctorado,8.188427725,39,53,Mujer,TI,11,1,2.883754683,8400
7,Doctorado,3.63539833,32,29,Hombre,Ventas,5,1,1.652700853,5400
4,Grado,9.819732964,54,43,Hombre,Recursos Humanos,7,0,7.329520486,4900
13,Grado,6.416934307,32,27,Mujer,Finanzas,11,1,4.622737199,8400
1,Maestria,6.241803924,44,33,Hombre,Recursos Humanos,5,0,9.280360473,3700
8,Grado,7.732658615,35,61,Mujer,TI,11,0,6.85229564,6900
14,Doctorado,8.305928093,46,57,Hombre,TI,3,0,1.8137708,5700
16,Grado,6.908307466,41,36,Hombre,Recursos Humanos,10,1,9.530709105,8700
14,Maestria,2.152861717,51,49,Hombre,TI,5,0,3.327015373,6300
12,Maestria,4.044407554,49,39,Hombre,Finanzas,7,0,4.034912414,6500
19,Maestria,9.352752763,53,23,Hombre,TI,5,1,4.620343723,7800
15,Maestria,3.021540507,58,34,Mujer,Finanzas,5,1,1.461018668,7000
2,Maestria,4.349503215,40,36,Mujer,Recursos Humanos,9,0,5.4686388,5100
2,Grado,4.888691946,54,41,Hombre,Recursos Humanos,3,0,2.10986642,3300
19,Grado,4.954644907,33,50,Mujer,TI,13,1,4.60873294,10200
17,Grado,6.516456242,55,63,Hombre,Finanzas,6,1,4.156388092,7700
10,Grado,9.48768254,57,50,Mujer,TI,1,1,7.955560751,4800
6,Maestria,3.166234406,55,24,Hombre,Ventas,10,0,8.228534605,6200
15,Doctorado,2.093512387,35,40,Hombre,Ventas,5,0,2.380715942,6500
11,Grado,2.777234409,30,24,Hombre,Ventas,8,0,4.298960686,6600
5,Doctorado,8.982324102,49,35,Mujer,Ventas,5,1,4.360178449,5000
1,Grado,6.812297314,52,61,Mujer,TI,9,0,2.362693995,4900
8,Grado,3.573161103,57,25,Hombre,Ventas,11,1,8.186081545,7400
12,Doctorado,8.343522451,45,32,Hombre,Finanzas,6,0,7.365054955,6200
12,Maestria,8.752329967,44,52,Mujer,Recursos Humanos,8,1,2.713436077,7300
5,Grado,8.618629048,46,64,Mujer,Recursos Humanos,10,0,4.300497177,6000
7,Grado,9.270338803,37,53,Mujer,Ventas,8,0,1.952245224,5800
4,Grado,3.270169182,57,48,Mujer,Ventas,13,1,6.653859374,7200
6,Doctorado,7.795377359,55,51,Mujer,Ventas,3,1,2.092347321,4600
13,Maestria,5.144855475,41,64,Hombre,TI,7,0,9.873407518,6700
15,Doctorado,8.577986976,56,23,Mujer,Recursos Humanos,14,1,8.026138672,9700
3,Doctorado,7.556416094,51,30,Hombre,Ventas,7,1,4.512146946,5200
8,Maestria,7.988027018,50,49,Hombre,Finanzas,14,0,6.207075391,7800
16,Doctorado,6.905456539,39,52,Mujer,Ventas,10,1,9.202076346,8700
13,Maestria,2.596858925,56,55,Mujer,Recursos Humanos,12,0,5.986893524,8200
18,Grado,5.90524227,44,36,Hombre,Ventas,6,0,2.570486378,7400
10,Maestria,9.862027656,59,46,Mujer,Recursos Humanos,12,1,4.4083302,8100
19,Grado,9.436492598,38,57,Hombre,Ventas,7,1,8.588303785,8400
17,Doctorado,1.388563622,31,29,Mujer,Finanzas,14,0,6.797917144,9600
19,Doctorado,2.483333342,34,30,Mujer,Ventas,2,0,6.856519459,6400
5,Grado,2.185558961,35,58,Mujer,Finanzas,9,0,8.801393371,5700
9,Doctorado,7.53381919,36,60,Hombre,Finanzas,10,0,9.045757517,6800
12,Maestria,8.360067969,50,53,Mujer,Ventas,10,0,9.278133146,7400
1,Grado,2.921602297,54,38,Hombre,Finanzas,1,0,1.853642739,2500
1,Doctorado,5.552674237,30,56,Mujer,TI,1,1,5.897134018,3000
15,Grado,8.566327252,52,58,Hombre,Ventas,3,1,7.664585691,6400
2,Maestria,7.595213903,55,40,Mujer,Ventas,14,1,7.812341606,7100
16,Maestria,5.880134849,36,50,Hombre,Finanzas,3,0,6.460445818,6100
8,Doctorado,6.313129214,49,28,Hombre,Finanzas,1,1,2.501086017,4400
13,Maestria,5.575244922,54,49,Hombre,Ventas,12,0,8.176784985,8200
1,Grado,3.677936062,59,30,Hombre,TI,7,0,7.481002002,4300
16,Maestria,6.085197936,41,49,Hombre,Finanzas,4,1,1.775221944,6900
7,Grado,7.199967718,45,27,Hombre,Finanzas,10,0,5.174288422,6400
5,Grado,8.859906243,45,50,Mujer,Recursos Humanos,13,0,2.565796596,6900
3,Maestria,6.726622186,40,38,Hombre,TI,2,0,4.037293411,3200
12,Doctorado,7.850093833,50,37,Hombre,TI,10,0,1.16272983,7400
16,Maestria,2.440644715,33,44,Hombre,Ventas,5,0,4.602968816,6700
19,Grado,5.15401727,42,52,Mujer,TI,6,0,5.94889229,7600
5,Grado,1.083984578,36,24,Mujer,Ventas,9,1,6.576243335,6200
14,Maestria,3.220109781,33,42,Mujer,Recursos Humanos,4,0,6.971413106,6000
5,Doctorado,7.538155436,44,47,Hombre,TI,2,0,8.526621818,3600
15,Doctorado,9.926289562,48,57,Mujer,Finanzas,5,0,2.939166165,6500
17,Grado,1.892602896,38,63,Mujer,Recursos Humanos,3,0,2.084336402,6300
14,Grado,4.613448843,40,58,Hombre,Ventas,2,1,8.663834547,5900
5,Doctorado,8.200638718,37,43,Hombre,Recursos Humanos,12,1,2.409515334,7100
12,Maestria,2.836320712,30,63,Mujer,Ventas,1,0,9.772840732,4700
16,Grado,5.995764544,52,33,Hombre,Recursos Humanos,10,0,8.582844065,8200
16,Grado,7.597641664,54,63,Hombre,Ventas,2,0,5.507889453,5800
7,Doctorado,6.543869052,53,34,Hombre,TI,6,1,9.832792824,5700
4,Maestria,2.692222612,37,32,Hombre,Finanzas,8,1,1.876390562,5700
1,Doctorado,4.198461118,42,37,Mujer,Ventas,13,1,3.727591851,6600
5,Maestria,8.05412606,51,29,Hombre,Recursos Humanos,3,1,6.744019735,4400
10,Maestria,5.988038627,56,61,Mujer,Ventas,11,0,4.150061816,7300
5,Maestria,1.047066522,33,61,Mujer,Ventas,9,1,9.355352968,6200
4,Grado,7.84891684,37,23,Mujer,Ventas,12,1,1.590634794,6900
2,Doctorado,1.317802194,32,51,Mujer,Recursos Humanos,9,0,5.944706489,5100
10,Doctorado,7.711604045,58,51,Hombre,Finanzas,2,0,6.317796407,4600
19,Maestria,2.822325041,38,33,Hombre,TI,8,1,6.874553114,8700
1,Grado,9.622661321,58,31,Hombre,Finanzas,10,1,3.30099601,5700
5,Grado,4.311466762,31,32,Mujer,Ventas,11,1,4.281097848,6800
13,Doctorado,3.942384547,31,36,Mujer,Recursos Humanos,12,1,8.593124767,8700
4,Grado,2.339992453,57,37,Mujer,Finanzas,5,0,2.754484921,4300
16,Grado,3.750437939,42,38,Hombre,Ventas,4,0,8.441810625,6400
16,Maestria,8.889856856,44,47,Mujer,TI,10,1,6.063898806,8700
2,Grado,9.967009039,57,23,Hombre,TI,5,1,7.859687601,4400
17,Maestria,4.314785775,52,33,Hombre,TI,4,1,7.422466296,7100
12,Doctorado,5.037495679,41,47,Hombre,Ventas,8,1,2.867603458,7300
18,Grado,7.498638444,55,44,Hombre,Recursos Humanos,4,1,6.119314628,7300
3,Doctorado,8.975762024,33,39,Mujer,Finanzas,13,0,8.809508375,6500
1,Doctorado,6.337399008,55,53,Hombre,TI,10,0,4.889046131,5200
1,Grado,4.523731284,37,59,Mujer,Ventas,12,0,9.699316932,5800
19,Grado,4.713596568,38,24,Hombre,Ventas,13,1,5.069935901,10200
11,Doctorado,7.260563318,52,59,Mujer,Finanzas,14,1,2.28507073,8900
5,Grado,1.028964372,34,24,Mujer,TI,6,0,4.504912121,4800
12,Maestria,6.576304037,53,51,Hombre,Ventas,2,0,9.565321658,5000
3,Maestria,4.199437094,49,22,Hombre,Finanzas,5,1,3.877487644,4600
1,Grado,8.147775981,47,51,Hombre,Recursos Humanos,6,0,8.812883439,4000
1,Doctorado,1.836915758,40,53,Mujer,Recursos Humanos,5,1,8.931256135,4200
8,Grado,6.293820403,44,49,Hombre,Recursos Humanos,12,1,4.151678719,7700
10,Grado,5.328756009,57,42,Hombre,TI,2,0,1.749318922,4600
11,Doctorado,6.780929733,51,34,Mujer,Finanzas,14,0,7.521021182,8400
12,Doctorado,1.58368235,38,48,Hombre,Finanzas,7,0,3.803610691,6500
13,Maestria,6.219854087,46,57,Mujer,Ventas,4,1,8.046312528,6300
12,Doctorado,6.053361292,56,28,Hombre,Ventas,8,1,4.983893634,7300
14,Maestria,6.04594085,55,43,Mujer,Ventas,7,0,5.367400681,6900
2,Doctorado,6.431388999,41,31,Mujer,Finanzas,7,1,8.001184661,5000
19,Grado,7.088211435,36,60,Hombre,Ventas,9,1,4.44126998,9000
18,Maestria,8.244900997,39,36,Mujer,Finanzas,1,1,4.988146108,6400
3,Maestria,3.428386481,54,36,Hombre,Finanzas,10,0,4.385714219,5600
17,Maestria,8.425444692,55,25,Hombre,Recursos Humanos,6,1,4.306064637,7700
8,Grado,5.48430114,54,53,Mujer,Ventas,6,0,5.733519192,5400
10,Grado,1.693524512,39,44,Hombre,Recursos Humanos,6,0,8.279195001,5800
2,Grado,1.526958363,56,27,Mujer,TI,13,1,4.255914807,6800
19,Grado,4.008144868,42,45,Mujer,TI,12,0,5.718292485,9400
9,Grado,8.064072794,48,41,Mujer,TI,6,1,7.036545929,6100
7,Maestria,7.369128413,40,58,Mujer,Finanzas,12,0,3.424955017,7000
4,Grado,8.097534682,42,41,Mujer,Finanzas,10,0,3.497705244,5800
18,Maestria,5.655421508,50,33,Mujer,Finanzas,7,1,9.400718143,8200
13,Grado,4.961790982,37,54,Mujer,Ventas,14,0,7.51181116,8800
11,Doctorado,2.32707274,37,49,Mujer,Recursos Humanos,10,0,6.194680086,7200
4,Maestria,3.953734782,33,29,Hombre,Finanzas,6,0,6.82948049,4600
4,Doctorado,4.906174296,44,22,Hombre,Recursos Humanos,1,1,1.263694988,3600
10,Maestria,1.797403867,57,58,Mujer,Recursos Humanos,3,1,6.56292669,5400
5,Doctorado,2.985507574,40,43,Hombre,Recursos Humanos,2,0,5.585579859,3600
9,Grado,6.384027647,40,27,Hombre,Ventas,6,0,5.911747118,5600
3,Grado,7.620968028,30,42,Hombre,Ventas,8,0,4.234814441,5000
17,Grado,9.985127603,46,53,Hombre,TI,3,1,1.733265079,6800
3,Maestria,9.398019982,44,56,Hombre,TI,10,1,2.740053103,6100
16,Doctorado,6.783086796,49,36,Hombre,Recursos Humanos,8,0,9.556702419,7600
4,Grado,4.79123248,35,26,Mujer,TI,8,1,4.67829606,5700
18,Doctorado,6.725596282,53,27,Hombre,Recursos Humanos,5,1,5.200148402,7600
17,Doctorado,8.070864563,51,46,Hombre,Ventas,8,1,1.474388109,8300
7,Grado,2.065025718,57,61,Hombre,Ventas,6,1,1.338096066,5700
5,Grado,4.689144007,54,50,Hombre,Ventas,5,0,7.454633023,4500
12,Doctorado,8.558220571,44,28,Mujer,Finanzas,9,1,5.842851977,7600
17,Grado,4.454496567,38,61,Mujer,Recursos Humanos,14,1,5.578353858,10100
13,Grado,6.146850441,43,34,Mujer,Ventas,7,0,3.188120774,6700
3,Grado,6.289924248,47,59,Mujer,Recursos Humanos,8,0,7.702756585,5000
9,Maestria,2.660286278,55,39,Hombre,TI,1,1,2.514129212,4600
17,Doctorado,4.260118975,46,23,Mujer,TI,11,1,2.709412693,9200
17,Doctorado,4.010601599,47,29,Mujer,Ventas,2,0,5.146409542,6000
16,Maestria,1.235770377,34,32,Mujer,Recursos Humanos,8,0,3.576518759,7600
13,Doctorado,1.217725875,49,54,Mujer,Ventas,12,0,3.227166831,8200
19,Grado,8.485273393,49,59,Hombre,TI,9,1,6.807138801,9000
17,Doctorado,3.45763729,38,48,Mujer,Ventas,4,1,6.858745707,7100
4,Grado,5.662708896,40,41,Hombre,Recursos Humanos,12,0,8.420653628,6400
12,Maestria,3.688530162,53,33,Mujer,TI,10,1,4.759377103,7900
9,Grado,9.466113206,51,64,Hombre,Finanzas,11,0,1.657765819,7100
19,Doctorado,3.33367083,30,52,Hombre,TI,10,1,3.462997464,9300
12,Doctorado,4.866911315,47,48,Mujer,Finanzas,14,0,9.820049169,8600
9,Doctorado,8.854572254,35,53,Mujer,Ventas,9,0,6.366327177,6500
7,Maestria,8.577402101,56,31,Mujer,Ventas,4,1,7.387633763,5100
14,Maestria,2.674912761,31,24,Mujer,Recursos Humanos,10,1,1.066220467,8300
19,Doctorado,8.223789788,44,48,Hombre,Finanzas,10,1,5.66385159,9300
15,Grado,5.123681981,58,56,Hombre,Ventas,10,1,1.337757918,8500
16,Maestria,5.346719849,55,52,Mujer,Finanzas,9,1,6.123071909,8400
5,Doctorado,2.201319752,50,36,Mujer,Ventas,11,1,9.286937647,6800
3,Doctorado,1.725413624,43,37,Hombre,TI,7,0,9.715772175,4700
12,Maestria,7.551453763,34,34,Mujer,Ventas,2,1,5.864974079,5500
4,Maestria,5.468150371,35,56,Hombre,Recursos Humanos,9,0,5.123843247,5500
16,Maestria,4.931656324,35,32,Mujer,TI,4,0,9.505153848,6400
7,Grado,7.565574058,59,42,Hombre,Recursos Humanos,8,1,7.062488488,6300
13,Grado,7.889616091,51,32,Hombre,TI,14,0,1.584093516,8800
10,Doctorado,2.430173509,59,51,Hombre,Finanzas,7,0,5.191530199,6100
7,Maestria,6.492026345,47,56,Hombre,Recursos Humanos,13,1,3.162205166,7800
14,Grado,2.21818674,43,43,Hombre,Ventas,7,1,5.228238893,7400
5,Maestria,7.762375774,39,59,Mujer,Finanzas,8,1,5.099190148,5900
3,Doctorado,6.912596406,43,52,Hombre,Ventas,1,0,6.239303225,2900
11,Grado,9.60953159,42,35,Mujer,TI,5,1,4.210934413,6200
11,Grado,1.620622147,59,45,Hombre,TI,2,1,2.478434045,5300
18,Grado,1.51349249,32,53,Hombre,Ventas,2,1,5.533474911,6700
15,Doctorado,3.539683672,59,57,Mujer,Ventas,1,1,8.471825959,5800
12,Maestria,3.355351154,35,53,Mujer,Finanzas,5,0,6.976110053,5900
9,Grado,3.222809192,58,36,Mujer,Ventas,2,1,4.045310793,4900
10,Doctorado,9.156291225,37,64,Mujer,Recursos Humanos,4,0,9.419707205,5200
12,Maestria,3.245915799,41,56,Hombre,Recursos Humanos,3,1,9.209868141,5800
17,Doctorado,3.447547535,42,24,Mujer,Ventas,3,0,2.884135594,6300
6,Maestria,7.834584362,40,37,Hombre,Recursos Humanos,2,0,1.354758266,3800
7,Doctorado,5.047658582,41,26,Mujer,Ventas,13,0,7.671778375,7300
14,Maestria,7.990395013,30,42,Mujer,Finanzas,6,1,8.448492352,7100
13,Grado,1.588295418,46,31,Hombre,Recursos Humanos,2,0,9.710781094,5200
8,Maestria,5.388140743,45,40,Hombre,Recursos Humanos,14,1,9.008527547,8300
10,Doctorado,1.302522402,40,46,Mujer,Ventas,14,1,6.404812914,8700
9,Doctorado,1.563878831,42,25,Hombre,Recursos Humanos,8,1,5.770471053,6700
18,Maestria,9.15793708,47,50,Hombre,TI,8,1,1.250569461,8500
2,Grado,2.25320834,40,40,Hombre,Finanzas,13,1,3.219908022,6800
5,Grado,5.79178614,57,64,Hombre,Finanzas,14,0,5.136532766,7200
5,Maestria,4.699860423,41,23,Hombre,Recursos Humanos,12,1,6.656535101,7100
6,Maestria,4.126089936,35,31,Hombre,Recursos Humanos,5,0,6.0152665,4700
19,Doctorado,9.098500111,38,64,Hombre,TI,10,0,7.683723907,8800
8,Grado,1.196410571,45,46,Hombre,TI,7,0,3.517902378,5700
16,Maestria,6.974107176,33,41,Mujer,Recursos Humanos,4,0,6.084573469,6400
13,Grado,9.670549908,32,40,Hombre,Recursos Humanos,1,0,1.793280191,4900
1,Maestria,6.041513651,57,44,Mujer,TI,11,0,4.722989712,5500
17,Maestria,9.431402158,45,45,Hombre,Ventas,2,0,7.751447497,6000
7,Grado,1.470320914,53,32,Hombre,TI,10,1,7.240607681,6900
13,Maestria,4.769139872,56,55,Hombre,Ventas,10,0,9.915784635,7600
4,Maestria,3.341420119,55,49,Hombre,Finanzas,4,1,3.501020134,4500
4,Doctorado,7.577388685,59,26,Mujer,Finanzas,1,0,5.483703693,3100
6,Maestria,9.831673814,54,26,Mujer,TI,13,0,3.965773724,7100
19,Maestria,3.308770562,41,42,Hombre,Ventas,8,0,4.965428027,8200
12,Maestria,6.887571413,40,33,Mujer,TI,9,0,8.712551169,7100
7,Doctorado,2.782878695,34,25,Hombre,TI,4,1,7.157881677,5100
10,Grado,6.087972291,54,63,Hombre,Ventas,10,1,8.941970722,7500
19,Doctorado,5.17539238,47,41,Mujer,TI,3,1,2.831599975,7200
7,Doctorado,9.748047967,48,59,Mujer,Finanzas,2,0,8.860250061,4000
3,Grado,6.476745454,52,46,Hombre,Recursos Humanos,5,0,1.537860468,4100
13,Doctorado,4.145557349,52,35,Hombre,Recursos Humanos,14,0,8.997393524,8800
13,Grado,2.026862064,35,32,Mujer,TI,3,1,3.961664015,6000
18,Doctorado,2.361221459,51,53,Hombre,Ventas,10,0,3.831288701,8600
8,Grado,3.02785237,47,32,Mujer,Ventas,7,1,5.60879719,6200
9,Maestria,3.258699952,55,39,Hombre,Finanzas,11,1,9.46621169,7600
7,Doctorado,8.655544521,35,48,Hombre,Ventas,6,0,1.430032282,5200
1,Doctorado,6.051005095,33,39,Mujer,Ventas,1,0,4.170078776,2500
3,Doctorado,5.710518202,41,44,Mujer,Finanzas,12,1,8.709147898,6700
13,Doctorado,2.032919847,48,32,Mujer,TI,8,1,4.564490297,7500
17,Maestria,8.74125724,58,42,Hombre,Recursos Humanos,2,1,2.792412078,6500
1,Doctorado,7.505328729,56,26,Hombre,Finanzas,5,0,4.823147632,3700
6,Maestria,1.609015257,58,44,Hombre,TI,9,0,4.469972513,5900
6,Maestria,7.370515875,31,62,Hombre,Finanzas,8,0,9.238745813,5600
12,Maestria,5.891843956,46,46,Mujer,TI,2,0,7.857409382,5000
13,Maestria,1.735528112,40,62,Hombre,Finanzas,9,0,5.546040002,7300
13,Grado,5.124705774,40,31,Hombre,TI,5,0,9.8953351,6100
15,Grado,5.362266584,50,43,Hombre,Finanzas,10,1,5.187497781,8500
16,Doctorado,2.491970861,45,40,Mujer,TI,14,1,1.524140477,9900
11,Grado,9.511283323,31,22,Hombre,Finanzas,6,1,3.360468896,6500
5,Grado,8.649778343,31,28,Hombre,Recursos Humanos,13,0,4.924634322,6900
4,Doctorado,7.021201036,52,25,Mujer,Recursos Humanos,3,1,2.412123617,4200
3,Doctorado,5.160660049,37,22,Hombre,Ventas,13,0,9.528086137,6500
19,Doctorado,4.705889874,42,36,Hombre,TI,3,0,7.90164008,6700
18,Grado,6.858761204,39,61,Mujer,Finanzas,10,1,3.414584804,9100
15,Grado,5.908886825,37,33,Hombre,TI,8,0,6.317240802,7400
9,Doctorado,1.560457953,59,43,Hombre,Recursos Humanos,11,1,7.493042414,7600
17,Maestria,5.612523839,33,43,Hombre,TI,10,1,9.47151036,8900
14,Doctorado,8.257632555,44,38,Mujer,Finanzas,10,0,8.934718143,7800
15,Maestria,5.133158898,59,50,Hombre,TI,12,1,5.636730035,9100
1,Maestria,1.467609198,30,35,Hombre,Finanzas,2,1,7.971873578,3300
3,Doctorado,8.076503794,40,41,Mujer,Recursos Humanos,11,1,6.059302784,6400
16,Doctorado,2.812274039,36,54,Mujer,Recursos Humanos,12,1,5.97433501,9300
11,Doctorado,3.327587514,46,64,Hombre,Recursos Humanos,12,0,2.032677625,7800
12,Grado,2.482357181,56,36,Hombre,Ventas,2,1,2.135238922,5500
10,Maestria,3.971935584,49,33,Hombre,Recursos Humanos,13,1,5.765802535,8400
16,Grado,7.810763551,53,61,Hombre,TI,5,1,3.419753905,7200
8,Grado,5.674472736,47,41,Mujer,Ventas,6,0,1.189332122,5400
6,Doctorado,2.843931467,51,51,Hombre,Recursos Humanos,12,1,7.505552835,7300
12,Grado,8.900470703,58,59,Mujer,TI,2,0,1.29237937,5000
8,Doctorado,8.916236695,51,24,Mujer,TI,5,1,6.35749157,5600
4,Maestria,8.835205825,41,49,Hombre,TI,7,1,5.852744147,5400
8,Doctorado,3.149165902,38,47,Hombre,Finanzas,10,1,9.719332215,7100
18,Grado,5.061154098,34,51,Mujer,Ventas,10,0,5.357918254,8600
5,Grado,9.864906905,39,34,Mujer,TI,8,0,1.572412927,5400
9,Doctorado,7.948112287,33,34,Hombre,Finanzas,12,0,5.96519171,7400
4,Doctorado,1.244506791,34,23,Mujer,Recursos Humanos,7,0,8.569865536,4900
17,Grado,1.586841321,57,58,Hombre,TI,8,0,9.971643559,7800
9,Maestria,5.175382391,57,59,Hombre,Finanzas,14,0,4.873088563,8000
1,Maestria,9.182981853,39,23,Mujer,TI,12,1,3.882688682,6300
13,Doctorado,5.848316182,40,57,Mujer,Ventas,9,0,9.159879673,7300
16,Maestria,5.480312572,50,47,Hombre,Ventas,5,1,2.721179162,7200
13,Grado,1.9492633,53,32,Mujer,Recursos Humanos,13,0,6.538860235,8500
14,Doctorado,6.911020943,39,29,Hombre,TI,5,0,4.651429818,6300
3,Grado,8.398928445,57,61,Hombre,Finanzas,11,0,1.369741285,5900
6,Grado,4.423780068,37,64,Hombre,Recursos Humanos,10,1,4.125596269,6700
18,Maestria,7.980506658,31,43,Mujer,TI,4,0,3.387056703,6800
19,Doctorado,9.680289885,52,41,Hombre,Recursos Humanos,13,0,7.174820385,9700
5,Doctorado,2.833898132,37,29,Hombre,Finanzas,9,1,9.539114479,6200
15,Maestria,5.709966681,45,50,Hombre,Recursos Humanos,5,1,3.412424686,7000
2,Grado,3.584241623,56,61,Hombre,Recursos Humanos,14,1,8.303193452,7100
10,Grado,8.135689771,51,47,Hombre,Recursos Humanos,2,1,1.498238352,5100
18,Grado,6.198340293,34,51,Hombre,TI,10,0,5.84308909,8600
13,Grado,6.711241758,56,38,Hombre,Finanzas,8,1,1.634950573,7500
5,Doctorado,8.181227437,54,41,Hombre,Ventas,7,0,9.40629692,5100
1,Doctorado,4.563734254,58,37,Hombre,TI,8,0,7.897161525,4600
1,Maestria,9.235810616,32,64,Hombre,Ventas,12,1,6.921549201,6300
18,Maestria,5.797259805,41,28,Hombre,Ventas,3,0,8.415067435,6500
15,Doctorado,2.421593406,42,37,Mujer,TI,4,1,6.82767816,6700
17,Doctorado,7.263092064,42,48,Hombre,TI,5,0,9.720499575,6900
11,Grado,8.139352154,39,44,Hombre,Finanzas,6,1,7.425621531,6500
17,Grado,3.850855094,33,45,Hombre,Finanzas,1,1,9.321927486,6200
13,Maestria,8.714613313,38,30,Mujer,Recursos Humanos,4,1,5.654187028,6300
1,Doctorado,9.155289293,51,56,Hombre,Ventas,11,1,2.053579717,6000
2,Maestria,3.492140386,53,41,Mujer,Finanzas,12,1,5.753599493,6500
9,Doctorado,9.851693254,52,58,Hombre,Recursos Humanos,10,1,2.141855453,7300
3,Grado,2.266403752,56,63,Hombre,Finanzas,13,0,6.332441313,6500
1,Maestria,2.818141016,31,38,Mujer,TI,5,0,5.342437545,3700
16,Maestria,2.658023553,48,52,Hombre,Finanzas,7,0,6.60317858,7300
6,Doctorado,9.04590739,30,29,Mujer,Ventas,13,1,1.090422829,7600
17,Grado,6.888632971,54,36,Mujer,Finanzas,5,0,2.753564425,6900
5,Maestria,2.368938549,58,52,Hombre,Ventas,13,1,5.421973887,7400
5,Grado,4.962910765,36,51,Hombre,TI,13,0,9.554532054,6900
6,Maestria,6.537682226,46,41,Hombre,Ventas,1,0,4.452481363,3500
3,Grado,1.751176765,32,60,Hombre,Finanzas,11,1,4.819348234,6400
5,Doctorado,8.941747316,49,33,Mujer,Recursos Humanos,7,0,7.432264801,5100
5,Maestria,8.232431819,49,38,Mujer,TI,8,0,6.434134816,5400
10,Maestria,5.546860962,50,63,Hombre,Finanzas,13,0,3.690335351,7900
10,Grado,9.704139537,59,51,Mujer,TI,7,1,4.69734756,6600
19,Grado,4.759848813,32,50,Mujer,TI,11,0,2.95929819,9100
17,Maestria,9.856992871,32,40,Hombre,Finanzas,14,1,9.694193132,10100
14,Doctorado,7.011279989,46,32,Mujer,Finanzas,13,0,2.175709434,8700
9,Grado,6.712041459,36,55,Mujer,Recursos Humanos,4,0,4.346531061,5000
14,Grado,2.493594058,56,28,Hombre,TI,8,0,1.23255075,7200
1,Grado,8.937349825,55,55,Mujer,TI,5,0,2.996015427,3700
19,Maestria,4.847407191,43,41,Hombre,Finanzas,10,1,8.024240245,9300
13,Maestria,2.460100652,46,59,Mujer,Ventas,9,0,2.810577091,7300
13,Maestria,1.11346768,47,45,Hombre,Finanzas,12,1,1.720570623,8700
4,Maestria,6.037801153,42,31,Mujer,TI,12,1,5.270078619,6900
1,Doctorado,5.746596599,49,53,Mujer,Finanzas,10,0,1.089723113,5200
17,Doctorado,7.474182601,58,36,Hombre,Recursos Humanos,5,0,1.76289539,6900
8,Maestria,9.012322477,49,58,Hombre,Ventas,1,1,8.268632826,4400
2,Doctorado,1.714659262,50,41,Hombre,Finanzas,12,1,7.943260104,6500
8,Grado,7.583468413,56,24,Hombre,Recursos Humanos,9,0,9.236249384,6300
7,Grado,2.686707497,47,58,Mujer,TI,12,0,8.690638923,7000
2,Grado,8.723593478,33,61,Mujer,Finanzas,5,0,7.148580069,3900
3,Maestria,8.371571625,30,29,Mujer,TI,6,0,1.470995716,4400
18,Grado,5.867143795,47,61,Hombre,Recursos Humanos,4,0,8.045637562,6800
12,Doctorado,7.392185188,30,44,Mujer,TI,6,1,8.609597298,6700
1,Maestria,3.829151019,55,61,Mujer,Recursos Humanos,12,0,8.191739312,5800
12,Doctorado,5.24051109,55,32,Hombre,Recursos Humanos,8,0,5.576311318,6800
5,Grado,8.394732079,42,29,Hombre,Recursos Humanos,3,1,3.096116548,4400
17,Grado,5.133386775,49,50,Mujer,Finanzas,5,0,8.607969781,6900
16,Grado,4.220184388,49,51,Hombre,TI,2,0,7.544465288,5800
15,Maestria,5.447912025,52,31,Mujer,TI,14,1,9.826850569,9700
15,Doctorado,8.454243272,39,60,Mujer,Ventas,2,0,2.40123338,5600
5,Maestria,4.016872426,56,49,Hombre,Ventas,13,1,3.030981247,7400
14,Maestria,2.563854338,40,57,Mujer,Ventas,7,0,2.906183349,6900
2,Grado,7.408126183,38,34,Hombre,Ventas,10,0,8.132857909,5400
11,Maestria,8.433803914,38,53,Hombre,TI,13,0,2.682165668,8100
19,Maestria,1.905737307,34,57,Mujer,Recursos Humanos,10,1,1.599938468,9300
7,Grado,3.158867015,55,58,Mujer,Recursos Humanos,14,1,9.987047259,8100
6,Maestria,2.277747908,30,47,Mujer,Finanzas,11,1,1.223354903,7000
2,Grado,4.131472704,46,43,Hombre,Recursos Humanos,10,1,8.517196541,5900
6,Grado,5.05315881,51,25,Mujer,TI,6,0,4.288301574,5000
18,Grado,7.739437033,31,52,Hombre,TI,4,1,8.574539138,7300
2,Grado,6.860328264,53,39,Hombre,TI,5,1,5.991584421,4400
18,Maestria,6.588357107,42,59,Mujer,Finanzas,1,1,9.114681065,6400
15,Grado,4.171374519,38,45,Hombre,Ventas,7,0,9.335736878,7100
19,Grado,8.573027978,58,44,Mujer,Recursos Humanos,8,0,1.081883632,8200
2,Maestria,5.241584507,33,43,Mujer,TI,9,1,1.678709584,5600
6,Maestria,9.811944442,34,23,Mujer,TI,8,1,3.253228566,6100
1,Doctorado,6.707279245,40,52,Mujer,Ventas,5,0,7.023838747,3700
15,Maestria,2.136382674,53,32,Mujer,TI,3,1,8.994449769,6400
10,Maestria,7.085598059,48,49,Mujer,Recursos Humanos,10,1,5.139477562,7500
19,Doctorado,3.925936139,50,53,Mujer,Finanzas,11,1,6.462758046,9600
17,Maestria,7.17694477,32,26,Hombre,TI,9,1,2.696498675,8600
5,Maestria,1.626770333,41,59,Mujer,Recursos Humanos,6,0,8.244701505,4800
4,Maestria,2.573932935,55,31,Hombre,TI,5,0,9.705953002,4300
10,Maestria,8.70163533,48,61,Hombre,Ventas,13,0,3.417390396,7900
17,Doctorado,3.044616013,48,45,Hombre,TI,3,1,5.453433564,6800
10,Maestria,8.533370127,42,56,Mujer,TI,6,1,1.775044995,6300
17,Maestria,3.513484796,57,44,Hombre,Finanzas,3,0,6.032229908,6300
5,Doctorado,6.785937191,36,38,Hombre,Ventas,10,0,5.525050977,6000
2,Grado,7.247355162,44,22,Mujer,Ventas,12,0,2.299928357,6000
6,Doctorado,5.613892778,52,52,Mujer,Finanzas,6,1,4.978595918,5500
2,Grado,3.74779609,36,52,Hombre,TI,4,0,4.006941869,3600
13,Doctorado,2.913799387,55,63,Mujer,Recursos Humanos,2,1,5.696477878,5700
11,Doctorado,1.298704191,37,63,Mujer,Ventas,8,1,6.270889019,7100
11,Maestria,3.735517611,34,55,Mujer,Ventas,4,0,1.076460207,5400
16,Grado,6.878465115,50,30,Mujer,TI,9,0,7.849053847,7900
11,Maestria,9.444743366,43,43,Hombre,TI,7,1,7.417128627,6800
19,Grado,8.84084034,33,34,Mujer,Ventas,12,0,4.296577476,9400
15,Doctorado,7.894582989,52,46,Mujer,TI,2,0,1.47642342,5600
16,Doctorado,8.096026089,39,39,Mujer,Recursos Humanos,4,1,7.794392858,6900
11,Grado,6.984864131,49,33,Hombre,Ventas,5,1,9.596576444,6200
16,Maestria,3.342581718,44,61,Hombre,Recursos Humanos,3,1,3.161364364,6600
8,Maestria,9.164755276,47,38,Mujer,Recursos Humanos,9,1,3.911721524,6800
4,Maestria,7.036590807,49,36,Mujer,TI,13,1,2.654316005,7200
8,Maestria,6.043965679,42,63,Hombre,Recursos Humanos,5,0,6.19242511,5100
4,Doctorado,1.998905223,58,36,Mujer,TI,2,1,2.393572552,3900
3,Doctorado,5.023499894,37,36,Mujer,Finanzas,11,1,4.205745491,6400
3,Doctorado,5.143224441,38,60,Hombre,TI,3,1,7.273117125,4000
18,Doctorado,8.781072486,45,34,Mujer,Recursos Humanos,14,0,6.041043847,9800
19,Doctorado,5.919833982,48,38,Mujer,Finanzas,9,1,4.478163079,9000
19,Maestria,4.423604941,45,53,Hombre,TI,7,1,4.782246416,8400
5,Maestria,9.791202957,36,30,Hombre,Recursos Humanos,2,1,6.058997944,4100
18,Maestria,1.99648534,43,61,Mujer,Ventas,9,0,1.052782551,8300
10,Maestria,4.802935855,57,41,Hombre,Ventas,14,1,1.706588816,8700
6,Doctorado,1.378222077,43,47,Mujer,TI,4,1,8.93132261,4900
1,Doctorado,7.659137087,54,48,Mujer,TI,13,1,1.700910902,6600
5,Doctorado,9.26268897,56,42,Mujer,Ventas,9,0,7.361232366,5700
9,Grado,3.520335966,33,39,Hombre,Recursos Humanos,13,0,9.280343477,7700
12,Maestria,8.725075091,55,34,Hombre,Recursos Humanos,2,0,3.436152439,5000
14,Maestria,3.629964074,44,37,Mujer,Recursos Humanos,12,0,4.334422934,8400
2,Doctorado,9.196931455,32,30,Mujer,TI,10,1,6.120292653,5900
17,Maestria,7.785657132,34,33,Hombre,Finanzas,12,1,8.935380727,9500
14,Maestria,8.244160992,30,59,Hombre,Finanzas,4,0,9.477150285,6000
13,Doctorado,1.162059,32,40,Hombre,Finanzas,5,0,7.656069233,6100
9,Grado,9.665293214,44,28,Mujer,Finanzas,2,1,1.779577848,4900
15,Grado,7.540038929,53,56,Hombre,Finanzas,10,1,7.0223874,8500
15,Grado,3.742759858,56,39,Hombre,TI,1,0,4.692733497,5300
11,Doctorado,8.464551984,37,37,Mujer,TI,7,0,5.236308995,6300
16,Maestria,3.533690786,58,60,Mujer,Finanzas,10,0,1.442335513,8200
17,Doctorado,8.854784556,33,25,Mujer,TI,1,0,2.719559254,5700
4,Doctorado,2.013223514,31,46,Hombre,TI,11,1,8.114622468,6600
1,Maestria,7.333173797,58,53,Mujer,Finanzas,11,0,5.085629497,5500
8,Grado,5.86628629,53,61,Mujer,Recursos Humanos,8,0,3.714960175,6000
17,Grado,1.868810232,53,34,Mujer,TI,3,1,4.456171666,6800
3,Doctorado,3.177044454,39,38,Mujer,Recursos Humanos,14,1,8.68959562,7300
15,Grado,1.111636326,33,58,Hombre,TI,10,1,7.740991157,8500
15,Doctorado,5.218911689,32,27,Mujer,TI,6,1,3.450838575,7300
14,Doctorado,3.711387347,31,40,Hombre,Finanzas,7,1,2.057516562,7400
14,Maestria,6.385217359,54,34,Hombre,TI,10,0,3.267983995,7800
2,Maestria,3.675140269,46,47,Hombre,Ventas,1,0,9.286808059,2700
13,Maestria,3.699272004,52,35,Mujer,Ventas,14,0,6.234299541,8800
14,Doctorado,7.688738789,50,52,Hombre,Finanzas,6,1,5.801321879,7100
19,Maestria,1.433285524,53,25,Mujer,Recursos Humanos,7,0,6.367542397,7900
7,Grado,9.126054957,49,60,Mujer,Recursos Humanos,6,1,4.294254392,5700
3,Grado,8.67037487,52,29,Mujer,Recursos Humanos,4,0,8.263963183,3800
15,Doctorado,7.010242149,42,46,Hombre,Ventas,1,0,5.709576244,5300
14,Doctorado,6.338994131,34,34,Mujer,Recursos Humanos,11,1,2.050731125,8600
11,Maestria,9.030722483,59,53,Mujer,Recursos Humanos,9,1,2.161586123,7400
15,Doctorado,2.667971616,50,59,Mujer,Finanzas,4,0,5.831732319,6200
13,Doctorado,1.71072246,59,59,Hombre,Recursos Humanos,7,0,9.429131963,6700
18,Grado,3.155591529,38,49,Hombre,Ventas,7,0,3.775169095,7700
6,Grado,8.151204508,54,51,Hombre,Ventas,2,0,8.82587052,3800
3,Maestria,1.312032401,58,24,Mujer,Ventas,1,0,7.876860279,2900
19,Doctorado,6.245261516,54,49,Hombre,Finanzas,8,1,3.230311986,8700
15,Doctorado,9.958937646,57,24,Mujer,Finanzas,8,1,1.327066735,7900
5,Grado,8.701264845,51,55,Mujer,TI,7,1,1.916625386,5600
10,Doctorado,5.693011201,35,37,Hombre,Recursos Humanos,14,1,7.556445405,8700
7,Grado,1.572768184,34,43,Mujer,Finanzas,8,0,2.797027642,5800
17,Maestria,8.482361629,54,53,Hombre,Ventas,3,0,4.341438285,6300
7,Grado,6.390806574,39,59,Mujer,Ventas,11,1,5.515292494,7200
12,Doctorado,2.034396974,37,29,Hombre,Finanzas,2,0,7.529213516,5000
17,Maestria,1.844715563,36,29,Mujer,Finanzas,7,1,2.019081009,8000
13,Grado,9.186641375,36,27,Mujer,Finanzas,8,0,4.657297647,7000
4,Grado,7.022802366,35,35,Mujer,TI,1,0,5.365656182,3100
10,Maestria,8.463581194,50,53,Mujer,Ventas,12,0,5.867443576,7600
3,Maestria,8.910810103,58,56,Mujer,TI,10,1,8.365245773,6100
9,Grado,6.145951168,49,31,Hombre,TI,9,1,2.545103755,7000
13,Doctorado,5.657017166,32,24,Mujer,Recursos Humanos,13,1,8.270483066,9000
18,Grado,4.873846693,48,33,Hombre,Ventas,11,1,7.235905849,9400
15,Maestria,3.85251929,51,52,Hombre,Ventas,4,0,6.002837328,6200
4,Grado,4.911363648,44,50,Hombre,Finanzas,14,0,7.295750834,7000
15,Maestria,7.964916902,33,26,Mujer,Finanzas,12,0,4.708159651,8600
2,Maestria,6.417310879,57,46,Mujer,Recursos Humanos,14,0,2.245578274,6600
15,Doctorado,9.03270961,41,62,Mujer,TI,4,1,6.991887162,6700
8,Maestria,4.990420129,35,52,Hombre,Finanzas,3,0,5.72205076,4500
8,Maestria,6.463806208,48,42,Mujer,Finanzas,6,0,6.754373205,5400
17,Doctorado,6.681767978,33,41,Mujer,Ventas,1,0,4.041989029,5700
12,Maestria,6.325274461,44,60,Hombre,Ventas,6,1,9.161799196,6700
19,Doctorado,7.323703958,38,43,Hombre,Finanzas,2,1,6.286328817,6900
10,Doctorado,3.136901215,34,25,Hombre,Ventas,9,1,1.768622359,7200
9,Maestria,5.611273998,42,34,Hombre,Recursos Humanos,2,0,5.048235916,4400
5,Maestria,1.938023225,52,63,Hombre,Finanzas,7,1,7.807204493,5600
6,Grado,4.460601949,55,41,Hombre,Ventas,12,0,8.147211056,6800
2,Doctorado,5.389003618,47,34,Mujer,Recursos Humanos,1,0,5.451373475,2700
13,Grado,6.870018336,59,38,Hombre,Ventas,12,0,9.052728137,8200
6,Maestria,9.554779473,59,57,Mujer,Ventas,7,1,3.409015935,5800
5,Grado,6.405859599,34,54,Mujer,Ventas,5,1,4.695388275,5000
1,Doctorado,7.692345246,54,22,Mujer,Finanzas,8,0,9.087372195,4600
6,Grado,5.556394535,45,36,Hombre,TI,4,0,9.066310448,4400
6,Doctorado,6.706936282,56,34,Mujer,Ventas,12,1,7.171414919,7300
16,Maestria,1.638389945,48,38,Hombre,Recursos Humanos,10,1,8.730824924,8700
4,Maestria,3.289524228,43,45,Hombre,Finanzas,7,1,1.798959403,5400
11,Doctorado,4.256677839,54,29,Mujer,Finanzas,6,0,8.784954786,6000
9,Maestria,5.252440195,59,48,Hombre,Recursos Humanos,5,0,3.885579159,5300
3,Maestria,1.41083871,45,44,Mujer,Ventas,4,0,2.604983612,3800
19,Maestria,2.260216878,56,29,Mujer,TI,7,1,3.154328527,8400
8,Maestria,3.49132877,44,29,Hombre,Ventas,12,1,4.761716572,7700
5,Doctorado,9.743794218,51,47,Mujer,Recursos Humanos,5,1,3.260728041,5000
4,Grado,3.982123064,33,34,Mujer,Finanzas,5,0,3.885108274,4300
6,Grado,5.338369523,36,60,Mujer,TI,1,0,2.214806375,3500
2,Maestria,2.764879415,45,58,Hombre,Finanzas,2,1,3.66559089,3500
11,Grado,6.49702064,53,49,Mujer,Recursos Humanos,5,0,6.150554331,5700
4,Grado,3.52614894,51,46,Hombre,Ventas,13,1,4.976683373,7200
15,Maestria,2.862933206,50,37,Hombre,TI,3,0,4.120468851,5900
6,Maestria,5.649153656,51,23,Mujer,Finanzas,14,1,7.71806916,7900
17,Grado,1.049552192,50,39,Mujer,Finanzas,13,0,9.041589743,9300
6,Doctorado,1.068976294,37,38,Hombre,Finanzas,2,0,7.811103006,3800
19,Maestria,2.971619282,46,51,Hombre,Ventas,14,1,3.988006319,10500
2,Doctorado,1.330492263,45,60,Mujer,TI,14,1,7.699979511,7100
15,Grado,1.972231787,56,34,Mujer,Ventas,4,1,2.367821642,6700
11,Maestria,4.049745844,52,53,Hombre,Ventas,4,1,2.172861893,5900
8,Doctorado,8.223271116,39,50,Hombre,Ventas,4,1,4.110643333,5300
19,Maestria,6.14843779,39,51,Hombre,Recursos Humanos,4,0,8.269321321,7000
13,Grado,5.614009534,56,39,Hombre,Recursos Humanos,3,1,3.217134225,6000
12,Doctorado,3.641399409,31,34,Hombre,Recursos Humanos,13,1,1.56928068,8800
5,Grado,9.385783475,59,64,Mujer,TI,12,1,2.185385817,7100
6,Grado,4.573135371,38,42,Hombre,Ventas,7,0,8.728704717,5300
4,Maestria,1.783834901,46,51,Hombre,Ventas,9,1,6.704049563,6000
19,Doctorado,6.553598645,40,42,Mujer,Recursos Humanos,12,1,3.27881047,9900
1,Grado,2.024545541,39,38,Mujer,Ventas,5,1,5.997662428,4200
17,Grado,4.107008285,51,61,Hombre,Ventas,4,0,5.748216602,6600
12,Doctorado,5.566707448,54,40,Hombre,Finanzas,11,0,6.898923806,7700
15,Grado,8.868002722,46,36,Mujer,Ventas,2,1,3.09868799,6100
1,Grado,5.441919223,33,30,Hombre,Finanzas,2,0,8.779626885,2800
14,Doctorado,7.320328894,45,31,Hombre,Ventas,5,1,3.784317059,6800
6,Doctorado,9.935351551,49,52,Mujer,TI,7,0,7.247184886,5300
5,Doctorado,2.183402079,44,44,Hombre,Recursos Humanos,10,1,1.145121817,6500
11,Doctorado,3.47258373,54,51,Mujer,Finanzas,10,0,4.353914169,7200
4,Maestria,4.55118468,56,54,Mujer,Recursos Humanos,9,1,4.165388362,6000
13,Doctorado,4.796453607,50,30,Mujer,Finanzas,13,1,5.891359857,9000
11,Maestria,4.699189677,34,22,Mujer,Finanzas,7,0,1.654626356,6300
3,Maestria,9.168499023,35,56,Hombre,Finanzas,5,1,8.111182364,4600
1,Maestria,7.4262938,46,32,Mujer,TI,10,1,2.960027216,5700
6,Grado,6.471146927,30,55,Hombre,Ventas,10,1,7.093340334,6700
18,Maestria,3.784354461,54,37,Hombre,Finanzas,10,1,8.228909109,9100
10,Maestria,8.414113458,48,30,Hombre,TI,6,0,6.056892606,5800
5,Grado,9.595544603,33,53,Hombre,Finanzas,11,1,7.66794886,6800
10,Grado,8.390784543,46,36,Hombre,Ventas,12,0,6.95674281,7600
12,Grado,1.014085947,38,33,Mujer,Finanzas,3,0,4.199768174,5300
2,Doctorado,6.727612332,53,54,Mujer,TI,5,0,8.279726851,3900
13,Grado,1.460218433,31,35,Mujer,Ventas,8,0,3.652312329,7000
8,Grado,3.318464983,37,29,Mujer,TI,1,1,6.14091626,4400
2,Maestria,1.535722303,44,29,Hombre,Ventas,12,1,7.708579652,6500
1,Grado,6.434159077,36,48,Mujer,Ventas,1,0,4.410603188,2500
5,Doctorado,7.179309221,56,33,Hombre,Recursos Humanos,7,1,3.724908469,5600
9,Grado,2.030388743,35,22,Hombre,Recursos Humanos,14,0,5.134114092,8000
17,Doctorado,4.454549947,30,64,Mujer,Recursos Humanos,5,1,8.361671449,7400
9,Grado,5.106128581,44,61,Mujer,Ventas,14,1,9.369295868,8500
11,Grado,4.321477196,52,63,Mujer,Finanzas,5,1,5.905750716,6200
15,Grado,2.089225004,55,32,Mujer,TI,1,0,6.953195848,5300
6,Grado,4.770530112,36,60,Hombre,TI,9,0,9.1294626,5900
3,Doctorado,7.76060243,58,64,Hombre,TI,1,1,1.886921663,3400
17,Doctorado,1.639068981,59,52,Mujer,Recursos Humanos,5,0,3.088707201,6900
5,Maestria,1.721620127,54,38,Hombre,Ventas,10,0,7.380100056,6000
12,Doctorado,4.192941627,46,54,Hombre,Recursos Humanos,9,1,8.413700157,7600
18,Grado,9.475531405,31,53,Hombre,Finanzas,14,0,8.713261255,9800
14,Maestria,7.017153821,56,50,Mujer,Ventas,4,1,4.735964592,6500
11,Maestria,7.10802961,38,42,Hombre,TI,13,1,1.804059121,8600
9,Maestria,4.257279918,58,42,Mujer,Recursos Humanos,8,1,4.940033296,6700
2,Grado,6.342947121,38,61,Mujer,Recursos Humanos,6,0,3.076611312,4200
12,Doctorado,1.091180656,42,44,Hombre,Finanzas,11,1,3.620768095,8200
3,Grado,6.724864418,35,27,Hombre,Finanzas,3,1,7.950408012,4000
3,Maestria,9.219582528,35,43,Mujer,Recursos Humanos,4,0,1.679743774,3800
1,Grado,6.513161215,49,59,Hombre,Finanzas,2,0,8.448230957,2800
8,Grado,8.863287341,49,58,Hombre,TI,1,0,4.849021772,3900
8,Doctorado,7.515757499,50,29,Mujer,Finanzas,13,0,6.36457538,7500
11,Doctorado,2.085025748,32,62,Mujer,Finanzas,14,1,1.806870081,8900
9,Maestria,9.122079766,46,56,Mujer,Recursos Humanos,8,0,4.036231705,6200
5,Grado,1.597994599,46,32,Mujer,Recursos Humanos,1,0,1.807308271,3300
14,Grado,5.805707253,41,45,Hombre,Ventas,14,0,9.653893506,9000
3,Doctorado,2.279234114,45,42,Hombre,Ventas,13,0,8.265354844,6500
5,Grado,1.105359497,44,23,Mujer,Recursos Humanos,11,1,5.136694789,6800
5,Grado,4.798308341,42,61,Mujer,Finanzas,1,0,3.012422935,3300
19,Grado,3.655366369,52,40,Mujer,Finanzas,4,1,9.401095947,7500
14,Doctorado,5.374004444,30,60,Hombre,Ventas,10,0,4.101369362,7800
4,Maestria,6.194798981,46,49,Mujer,Ventas,12,1,2.448859885,6900
13,Maestria,1.393651651,32,38,Hombre,Ventas,10,1,6.068479496,8100
10,Grado,2.107029656,55,27,Mujer,TI,6,0,9.493967083,5800
18,Maestria,6.027781568,44,40,Mujer,TI,9,1,1.034472615,8800
8,Doctorado,4.088506179,33,59,Mujer,Ventas,1,0,3.143123589,3900
8,Doctorado,7.562561388,33,49,Hombre,Finanzas,7,1,9.446028764,6200
7,Maestria,6.870624837,47,23,Hombre,Ventas,10,1,2.539773702,6900
8,Maestria,8.610439267,46,59,Hombre,TI,11,1,2.019191065,7400
14,Grado,7.23243544,48,58,Mujer,Finanzas,5,0,6.131684942,6300
19,Maestria,4.869379697,40,25,Hombre,TI,12,1,8.75659441,9900
6,Grado,7.056699602,49,43,Hombre,Finanzas,8,0,5.293988359,5600
1,Grado,3.478430568,32,47,Mujer,TI,14,1,9.95107831,6900
15,Doctorado,3.756821489,37,64,Mujer,Finanzas,7,1,7.112545296,7600
1,Doctorado,8.100866439,43,57,Hombre,Finanzas,4,1,1.666674165,3900
17,Doctorado,5.017775648,55,34,Hombre,Finanzas,4,1,9.935489185,7100
1,Doctorado,8.185423065,30,53,Hombre,Finanzas,6,1,4.671048131,4500
15,Maestria,8.401801363,43,38,Hombre,Recursos Humanos,6,1,3.586622805,7300
2,Doctorado,8.718061039,31,62,Mujer,TI,9,0,6.020912652,5100
14,Maestria,9.249717123,58,57,Mujer,TI,12,0,3.738768326,8400
8,Doctorado,4.878866985,52,40,Mujer,Recursos Humanos,5,0,1.778117564,5100
8,Maestria,3.869801365,33,56,Hombre,Finanzas,8,1,1.012855088,6500
19,Grado,6.239788719,53,61,Hombre,Finanzas,5,0,5.046250176,7300
7,Maestria,4.340551811,56,49,Mujer,TI,2,1,8.5317708,4500
19,Maestria,6.409667501,58,22,Mujer,Recursos Humanos,6,0,6.150836671,7600
6,Doctorado,7.350272764,48,63,Hombre,Finanzas,9,0,9.99286569,5900
6,Maestria,7.195645166,35,39,Hombre,Finanzas,13,1,3.581619811,7600
3,Grado,4.370975983,54,61,Mujer,Finanzas,3,1,3.524095583,4000
7,Grado,2.501741815,30,54,Mujer,Ventas,1,0,2.437745142,3700
19,Doctorado,4.874764046,46,33,Mujer,Recursos Humanos,1,0,2.476572294,6100
8,Grado,2.283347297,37,29,Hombre,Finanzas,13,0,3.566679364,7500
10,Maestria,9.010873317,48,45,Hombre,Ventas,3,0,8.135560407,4900
15,Grado,4.112897147,50,37,Hombre,Recursos Humanos,10,1,9.151811116,8500
15,Doctorado,2.390137725,30,25,Hombre,Finanzas,5,0,9.775784527,6500
1,Maestria,1.229029839,34,59,Hombre,TI,3,1,3.090606887,3600
7,Doctorado,6.812401477,56,48,Hombre,Ventas,9,1,8.931677911,6600
4,Maestria,6.732120857,45,30,Mujer,Ventas,8,0,3.954295803,5200
6,Grado,4.065437499,35,37,Mujer,Finanzas,3,1,2.015564901,4600
1,Doctorado,1.645407,37,33,Hombre,Finanzas,9,0,8.83022433,4900
5,Doctorado,4.686660054,42,52,Mujer,Ventas,13,1,6.724950712,7400
1,Maestria,3.800957456,45,45,Hombre,TI,6,1,2.482578065,4500
4,Doctorado,7.094085758,59,35,Mujer,TI,13,0,4.868481318,6700
2,Maestria,6.452013245,32,46,Hombre,Recursos Humanos,7,1,3.585319254,5000
10,Maestria,4.281343554,48,55,Mujer,Finanzas,4,1,7.631151118,5700
5,Maestria,2.961032988,41,24,Mujer,TI,4,0,5.080746076,4200
10,Maestria,9.892323695,45,45,Hombre,Recursos Humanos,12,1,9.903519506,8100
1,Grado,5.086014591,56,63,Hombre,TI,13,1,1.49270484,6600
6,Maestria,7.194468122,40,30,Mujer,Finanzas,2,0,4.195137395,3800
13,Doctorado,2.264976708,39,47,Mujer,Recursos Humanos,5,0,5.337101504,6100
15,Grado,5.370307297,54,41,Hombre,Recursos Humanos,8,1,5.528201993,7900
4,Doctorado,1.247830479,49,61,Mujer,Recursos Humanos,7,1,3.843422401,5400
13,Grado,5.549096061,33,31,Hombre,TI,7,1,7.563162242,7200
15,Maestria,9.676156664,41,40,Hombre,Finanzas,6,0,8.872723661,6800
8,Grado,4.457860417,52,24,Mujer,Recursos Humanos,3,1,9.448473718,5000
5,Grado,1.350964113,31,45,Hombre,Ventas,5,1,8.245840391,5000
15,Doctorado,1.278602118,53,26,Mujer,Finanzas,13,1,8.655221776,9400
4,Doctorado,4.49188084,51,24,Mujer,Ventas,1,1,5.954907706,3600
12,Maestria,2.440224428,48,48,Hombre,Ventas,7,1,8.432994038,7000
13,Grado,1.210168867,54,37,Mujer,Recursos Humanos,9,1,3.731535182,7800
2,Grado,7.805922526,34,36,Hombre,Recursos Humanos,1,0,4.586308859,2700
19,Grado,5.12670708,37,56,Hombre,TI,13,0,3.852217124,9700
19,Maestria,3.603202948,36,33,Hombre,TI,2,1,5.206486019,6900
4,Maestria,9.100748647,43,62,Mujer,TI,3,1,3.570216546,4200
4,Maestria,2.045250642,53,47,Hombre,Finanzas,3,0,9.65450298,3700
11,Maestria,9.603269461,52,55,Mujer,TI,8,0,3.815601652,6600
5,Maestria,3.825700456,32,44,Hombre,Ventas,7,0,1.882400843,5100
11,Doctorado,8.995633051,47,52,Hombre,TI,6,1,5.741354494,6500
10,Grado,6.426485888,45,41,Hombre,Recursos Humanos,10,1,1.513891706,7500
8,Grado,8.440366238,52,33,Mujer,TI,10,1,1.994888497,7100
6,Grado,9.856118469,48,44,Mujer,Finanzas,11,1,2.974504503,7000
6,Grado,3.59564894,48,25,Hombre,Finanzas,4,0,5.179152249,4400
8,Grado,9.650219369,47,44,Hombre,Ventas,9,0,4.899258391,6300
15,Grado,4.505337054,49,22,Mujer,Finanzas,1,0,8.197226758,5300
14,Grado,4.469607143,45,46,Mujer,TI,11,0,7.655271885,8100
11,Grado,4.063483938,37,23,Mujer,Recursos Humanos,2,1,4.836864646,5300
12,Doctorado,5.872668466,57,51,Hombre,Finanzas,14,1,4.003337868,9100
13,Grado,2.387305389,30,24,Mujer,Ventas,4,0,3.848219057,5800
8,Doctorado,5.983403368,46,42,Hombre,TI,3,0,7.965955786,4500
18,Maestria,5.875343312,41,46,Mujer,Ventas,1,0,1.468651656,5900
1,Grado,7.857116313,59,41,Hombre,Finanzas,5,0,1.115394846,3700
15,Maestria,8.502849657,50,43,Hombre,Finanzas,7,0,8.159899527,7100
8,Maestria,4.963972153,40,42,Hombre,Ventas,2,1,5.294317384,4700
11,Maestria,3.720999244,34,54,Mujer,TI,5,1,2.177930247,6200
12,Doctorado,3.334014076,56,59,Mujer,Finanzas,6,0,3.120093411,6200
12,Maestria,2.75161453,41,36,Mujer,Recursos Humanos,11,0,9.392535578,7700
4,Maestria,1.51882824,46,36,Hombre,Finanzas,7,0,8.735526781,4900
16,Maestria,4.08203181,35,46,Hombre,TI,1,1,7.388065452,6000
4,Grado,3.432229229,30,42,Mujer,Finanzas,7,1,5.340027073,5400
5,Grado,9.697756473,34,45,Hombre,Ventas,4,1,5.682912636,4700
5,Doctorado,6.019379436,54,26,Hombre,Finanzas,8,0,9.777200818,5400
8,Doctorado,4.125493351,57,27,Hombre,Finanzas,13,1,9.691933995,8000
10,Grado,6.224208409,43,64,Mujer,TI,4,0,2.937421412,5200
17,Doctorado,2.252770312,34,44,Hombre,Ventas,6,1,8.299941097,7700
9,Grado,4.996393743,51,25,Mujer,TI,9,1,2.775183996,7000
19,Maestria,6.636108893,53,48,Mujer,Finanzas,5,1,2.921837301,7800
14,Maestria,5.400080486,56,39,Mujer,Recursos Humanos,14,0,7.084837307,9000
8,Doctorado,4.616009206,30,42,Mujer,Finanzas,12,0,4.645009887,7200
9,Grado,9.9446355,59,49,Mujer,TI,4,1,9.383899664,5500
11,Grado,8.922832859,47,56,Hombre,Recursos Humanos,8,0,1.801087614,6600
1,Doctorado,6.610653623,45,43,Mujer,TI,13,0,5.603730767,6100
14,Grado,6.124396251,38,61,Mujer,TI,9,0,9.266693774,7500
5,Maestria,6.585944318,48,44,Mujer,Ventas,4,0,9.137022944,4200
14,Doctorado,2.81180897,51,24,Hombre,Recursos Humanos,3,0,2.408762921,5700
4,Doctorado,4.556239689,34,61,Hombre,Finanzas,8,0,4.299739301,5200
1,Grado,1.355135796,56,31,Hombre,TI,14,0,6.5720926,6400
19,Doctorado,5.279914337,31,46,Hombre,Finanzas,5,1,2.434553963,7800
8,Grado,5.887221256,59,29,Mujer,Ventas,2,0,9.712199548,4200
15,Grado,3.049747625,44,32,Mujer,Ventas,10,0,9.232743959,8000
15,Grado,9.676259624,36,26,Hombre,Recursos Humanos,9,1,2.502551611,8200
9,Grado,9.185091498,33,58,Hombre,Ventas,3,1,2.090399151,5200
9,Grado,7.499289119,30,59,Hombre,Ventas,12,1,1.768676345,7900
10,Doctorado,5.800479659,42,50,Hombre,Finanzas,2,1,9.184992976,5100
9,Maestria,8.829722437,49,26,Mujer,Ventas,1,0,2.742614288,4100
3,Maestria,2.175871094,51,30,Hombre,Ventas,14,1,4.746564357,7300
11,Doctorado,8.114588148,36,23,Hombre,TI,8,1,5.039662291,7100
6,Doctorado,2.123387326,44,22,Hombre,Ventas,11,0,6.391099398,6500
2,Maestria,8.147895963,52,61,Hombre,TI,3,0,1.645618094,3300
7,Maestria,3.481908114,43,51,Hombre,Ventas,7,0,3.040827557,5500
18,Maestria,8.893815229,52,32,Hombre,Ventas,1,1,9.383413482,6400
2,Maestria,9.496378844,48,49,Hombre,Recursos Humanos,1,0,9.175690965,2700
17,Maestria,2.339163725,51,33,Mujer,Recursos Humanos,12,1,8.031615827,9500
11,Grado,5.164080446,58,60,Mujer,TI,9,0,1.174611211,6900
12,Doctorado,9.828886403,53,47,Mujer,Ventas,12,0,3.943060916,8000
19,Grado,5.350666924,49,34,Mujer,Finanzas,8,1,6.651628618,8700
7,Maestria,8.771927703,58,29,Mujer,Recursos Humanos,12,0,3.476711906,7000
6,Maestria,6.298583699,53,49,Mujer,Finanzas,13,0,9.186280255,7100
1,Maestria,4.377969171,47,51,Hombre,Recursos Humanos,3,0,6.705005156,3100
17,Grado,3.572052,39,30,Hombre,Recursos Humanos,6,0,1.647160456,7200
11,Grado,2.82900782,38,60,Mujer,Ventas,11,0,9.1810503,7500
18,Maestria,7.856183722,54,52,Hombre,Recursos Humanos,3,1,9.619899924,7000
17,Grado,4.478864561,37,42,Mujer,Finanzas,13,1,1.699411766,9800
7,Grado,5.60147916,55,55,Hombre,Recursos Humanos,12,0,5.791242114,7000
17,Maestria,5.43092932,59,52,Hombre,TI,4,1,3.73027854,7100
9,Grado,6.195511263,58,46,Hombre,Ventas,1,1,4.535551688,4600
17,Doctorado,8.790194311,39,33,Hombre,Ventas,5,1,2.616860962,7400
8,Doctorado,9.826654092,46,22,Hombre,TI,1,0,6.202648918,3900
17,Doctorado,4.668257877,31,43,Hombre,TI,13,0,9.621814179,9300
7,Doctorado,8.447670299,35,61,Mujer,TI,1,0,5.527653402,3700
1,Maestria,7.880750152,55,58,Mujer,Recursos Humanos,10,1,1.746231233,5700
13,Maestria,6.161760563,34,22,Hombre,Ventas,11,1,6.580012001,8400
19,Maestria,9.604424293,57,22,Mujer,TI,11,0,4.06200695,9100
19,Doctorado,2.80427064,59,63,Hombre,Recursos Humanos,14,0,8.703326706,10000
17,Doctorado,1.983377893,38,63,Mujer,TI,7,1,4.912103335,8000
13,Grado,8.685657703,34,42,Hombre,Finanzas,12,1,2.73555648,8700
16,Grado,4.95234835,47,36,Mujer,Finanzas,6,0,2.719950604,7000
8,Doctorado,8.622719688,55,38,Hombre,Ventas,2,1,7.918877626,4700
19,Doctorado,9.037811847,49,43,Mujer,Recursos Humanos,14,1,3.390288385,10500
18,Doctorado,1.562118343,38,59,Hombre,Finanzas,11,1,7.905100547,9400
1,Doctorado,8.951182867,46,56,Mujer,Finanzas,12,1,2.852985797,6300
14,Grado,5.034871498,56,37,Hombre,Recursos Humanos,2,1,3.895177318,5900
19,Doctorado,5.593892401,46,29,Hombre,TI,11,1,5.189382752,9600
15,Grado,6.6393326,41,38,Hombre,Recursos Humanos,7,1,9.488762647,7600
18,Doctorado,9.337443461,36,38,Mujer,TI,1,0,9.385582823,5900
2,Doctorado,1.17204485,56,47,Mujer,Finanzas,13,0,2.861846879,6300
17,Doctorado,5.291591215,32,34,Mujer,Finanzas,2,1,4.223971371,6500
18,Grado,7.189498382,39,38,Hombre,Finanzas,12,1,2.344594496,9700
6,Grado,7.504362619,31,59,Mujer,Ventas,8,1,5.589865714,6100
19,Maestria,7.232791884,54,38,Hombre,Ventas,6,0,5.145242956,7600
4,Doctorado,2.209916165,32,35,Mujer,Ventas,14,0,9.106841462,7000
1,Maestria,3.694560295,45,27,Mujer,Recursos Humanos,2,1,9.3700484,3300
8,Maestria,4.228439729,31,56,Mujer,Finanzas,7,0,4.452106519,5700
7,Grado,8.239934869,57,35,Mujer,Finanzas,4,1,5.425641487,5100
3,Grado,3.508838852,53,29,Hombre,Recursos Humanos,2,1,9.066126242,3700
10,Maestria,2.896344675,39,36,Mujer,Ventas,12,1,8.26037027,8100
